"Path","Platform","Compiled","Cooked","Permutations","Compiletime","CompiledDouble","CookedDouble"
"/Game/Realistic_Starter_VFX_Pack_Vol2/Materials/M_Mud.M_Mud","0","54","2","1","171.383209","0","400"
"/Game/Realistic_Starter_VFX_Pack_Vol2/Materials/M_Derbis.M_Derbis","0","26","5","1","87.395782","0","128"
"/Game/Realistic_Starter_VFX_Pack_Vol2/Materials/M_Basic_Shape.M_Basic_Shape","0","46","1","1","125.661934","0","1034"
"/Game/Realistic_Starter_VFX_Pack_Vol2/DemoRoom/Materials/M_DemoWall.M_DemoWall","0","56","6","1","254.337509","0","612"
"/Game/FXVarietyPack/Materials/M_ky_empty.M_ky_empty","0","12","1","1","25.245163","0","78"
"/Game/FXVarietyPack/EpicContent/Materials/M_DemoWall.M_DemoWall","0","71","6","1","17.973297","0","1648"
"/Game/FourEvilDragonsPBR/Materials/StageSM.StageSM","0","23","1","1","45.977810","0","264"
"/Game/FantasyBundle/Materials/M_Grey.M_Grey","0","23","2","1","0.000000","0","296"
"/Game/FantasyBundle/Materials/M_Glow.M_Glow","0","23","1","1","19.196226","0","277"
"/Game/EasyComboBuffering/DemoAssets/ThirdPersonBP/ParagonWeapons/WorldGridMaterial.WorldGridMaterial","0","14","1","1","11.797508","0","118"
"/Game/EasyComboBuffering/DemoAssets/ThirdPersonBP/Maps/Geometry/Meshes/CubeMaterial1.CubeMaterial1","0","23","1","1","19.620632","0","262"
"/Game/EasyComboBuffering/DemoAssets/ThirdPersonBP/Maps/Geometry/Meshes/CubeMaterial.CubeMaterial","0","23","1","1","19.685955","0","278"
"/Engine/EngineDebugMaterials/DebugEditorMaterial.DebugEditorMaterial","0","0","8","1","0.000000","0","0"
"/Engine/EditorMaterials/PhAT_NoCollisionMaterial.PhAT_NoCollisionMaterial","0","0","3","1","0.000000","0","0"
"/Engine/EditorMaterials/PhAT_UnselectedMaterial.PhAT_UnselectedMaterial","0","0","3","1","0.000000","0","0"
"/MeshModelingToolset/Materials/M_DynamicMeshComponentVtxColor.M_DynamicMeshComponentVtxColor","0","0","20","1","0.000000","0","0"
"/Engine/EngineMaterials/GizmoMaterial.GizmoMaterial","0","0","8","1","0.000000","0","0"
"/Engine/EngineDebugMaterials/DebugMeshMaterial.DebugMeshMaterial","0","0","5","1","0.000000","0","0"
"/Engine/EngineMaterials/RemoveSurfaceMaterial.RemoveSurfaceMaterial","0","0","4","1","0.000000","0","0"
"/Engine/EngineMaterials/NaniteHiddenSectionMaterial.NaniteHiddenSectionMaterial","0","0","29","1","0.000000","0","0"
"/ControlRig/Controls/ControlRigGizmoMaterial.ControlRigGizmoMaterial","0","0","4","1","0.000000","0","0"
"/Engine/EditorMaterials/Camera/CineMat.CineMat","0","0","26","1","0.000000","0","0"
"/ControlRig/Controls/ControlRigXRayMaterial.ControlRigXRayMaterial","0","0","9","1","0.000000","0","0"
"/Engine/EditorLandscapeResources/SplineEditorMeshMat.SplineEditorMeshMat","0","0","14","1","0.000000","0","0"
"/Engine/EngineDebugMaterials/M_SimpleUnlitTranslucent.M_SimpleUnlitTranslucent","0","0","3","1","0.000000","0","0"
"/Engine/VREditor/TransformGizmo/Xray.Xray","0","0","14","1","0.000000","0","0"
"/Engine/VREditor/TransformGizmo/Main.Main","0","0","3","1","0.000000","0","0"
"/Engine/VREditor/TransformGizmo/TranslucentTransformGizmoMaterial.TranslucentTransformGizmoMaterial","0","0","3","1","0.000000","0","0"
"/Engine/EngineMaterials/DefaultLightFunctionMaterial.DefaultLightFunctionMaterial","0","0","36","1","0.000000","0","0"
"/Game/InfinityBladeEffects/Effects/Masters/M_Trans_Trail_2Sided_Pan_Tile_Master.M_Trans_Trail_2Sided_Pan_Tile_Master","0","10","1","1","6.667135","0","64"
"/Game/InfinityBladeEffects/Effects/Masters/M_Trans_Trail_2Sided_Pan_Base_Emis_Master.M_Trans_Trail_2Sided_Pan_Base_Emis_Master","0","40","2","2","26.704561","0","417"
"/Game/InfinityBladeEffects/Effects/Masters/M_Trans_StaticMesh_Lit_Master.M_Trans_StaticMesh_Lit_Master","0","27","1","1","27.642805","0","360"
"/Game/InfinityBladeEffects/Effects/Masters/M_Trans_Sprite_SubUV_Master_DepthFade.M_Trans_Sprite_SubUV_Master_DepthFade","0","9","1","1","7.721878","0","47"
"/Game/InfinityBladeEffects/Effects/Masters/M_Trans_Sprite_SubUV_Master.M_Trans_Sprite_SubUV_Master","0","12","1","1","9.830031","0","89"
"/Game/InfinityBladeEffects/Effects/Masters/M_Trans_Sprite_Lit_SubUV_Master.M_Trans_Sprite_Lit_SubUV_Master","0","72","1","1","46.590099","0","2013"
"/Game/InfinityBladeEffects/Effects/Masters/M_Trans_Sprite_2Sided_Master.M_Trans_Sprite_2Sided_Master","0","20","1","1","22.575382","0","213"
"/Game/InfinityBladeEffects/Effects/Masters/M_Trans_MeshEmit_Master.M_Trans_MeshEmit_Master","0","12","1","1","9.063038","0","89"
"/Game/InfinityBladeEffects/Effects/Masters/M_Trans_MeshEmit_2Sided_Pan_Mask_Master.M_Trans_MeshEmit_2Sided_Pan_Mask_Master","0","10","1","1","6.973505","0","64"
"/Game/InfinityBladeEffects/Effects/Masters/M_Opaque_Static_Lit_Emis_PanMaster.M_Opaque_Static_Lit_Emis_PanMaster","0","23","1","1","20.844902","0","289"
"/Game/InfinityBladeEffects/Effects/Masters/M_Opaque_MeshEmit_Lit_Emis_Master.M_Opaque_MeshEmit_Lit_Emis_Master","0","59","1","1","47.183666","0","1709"
"/Game/InfinityBladeEffects/Effects/Masters/M_Opaque_MeshEmit_Emis_Master.M_Opaque_MeshEmit_Emis_Master","0","6","1","1","3.788536","0","21"
"/Game/InfinityBladeEffects/Effects/Masters/M_Add_Trail_2Sided_Pan_Emis_Master.M_Add_Trail_2Sided_Pan_Emis_Master","0","15","1","1","10.001461","0","127"
"/Game/InfinityBladeEffects/Effects/Masters/M_Add_Sprite_SubUV_Master_DepthFade.M_Add_Sprite_SubUV_Master_DepthFade","0","12","1","1","9.444430","0","89"
"/Game/InfinityBladeEffects/Effects/Masters/M_Add_Sprite_SubUV_Master.M_Add_Sprite_SubUV_Master","0","12","1","1","9.032469","0","78"
"/Game/InfinityBladeEffects/Effects/Masters/M_Add_Sprite_Pan_Emis_Mask_Master.M_Add_Sprite_Pan_Emis_Mask_Master","0","18","3","2","20.521076","0","96"
"/Game/InfinityBladeEffects/Effects/Masters/M_Add_Sprite_Master_DepthFade.M_Add_Sprite_Master_DepthFade","0","12","1","1","8.927163","0","75"
"/Game/InfinityBladeEffects/Effects/Masters/M_Add_Sprite_Master.M_Add_Sprite_Master","0","12","1","1","8.823948","0","69"
"/Game/InfinityBladeEffects/Effects/Masters/M_Add_Sprite_2Sided_Master.M_Add_Sprite_2Sided_Master","0","20","1","1","12.451082","0","203"
"/Game/InfinityBladeEffects/Effects/Masters/M_Add_Mesh_2Sided_Pan_Emis_Master.M_Add_Mesh_2Sided_Pan_Emis_Master","0","40","2","2","28.008659","0","362"
"/Game/InfinityBladeEffects/Effects/Masters/M_Add_Mesh_2Sided_Pan_Base_Master.M_Add_Mesh_2Sided_Pan_Base_Master","0","10","1","1","6.317820","0","51"
"/Game/InfinityBladeEffects/Effects/FX_Materials/Mobile/M_Tornado_Fire_Trans_Master.M_Tornado_Fire_Trans_Master","0","20","1","1","12.763567","0","229"
"/Game/InfinityBladeEffects/Effects/FX_Materials/Mobile/M_Add_Trail_MeshEmit_2Sided_Master.M_Add_Trail_MeshEmit_2Sided_Master","0","20","1","1","12.483822","0","213"
"/Game/EasyComboBuffering/DemoAssets/Demo_Assets/DemoRoom/Materials/M_LightTube.M_LightTube","0","4","2","1","34.722660","0","11"
"/Game/Realistic_Starter_VFX_Pack_Vol2/DemoRoom/Materials/DefaultTextMaterialTranslucentUnlit.DefaultTextMaterialTranslucentUnlit","0","20","1","1","31.518219","0","129"
"/Game/FXVarietyPack/EpicContent/Materials/M_DefaultTextMaterialTranslucentUnlit.M_DefaultTextMaterialTranslucentUnlit","0","100","1","1","66.162880","0","3503"
"/Game/Realistic_Starter_VFX_Pack_Vol2/Materials/M_Bubble_B.M_Bubble_B","0","9","1","1","0.000000","0","53"
"/Game/Realistic_Starter_VFX_Pack_Vol2/Materials/M_Water_Splat.M_Water_Splat","0","9","1","1","6.865913","0","47"
"/Game/Realistic_Starter_VFX_Pack_Vol2/Materials/M_Impact_A.M_Impact_A","0","9","1","1","0.000000","0","53"
"/Game/Realistic_Starter_VFX_Pack_Vol2/Materials/M_Dirt_B.M_Dirt_B","0","54","1","1","51.881882","0","610"
"/Game/Realistic_Starter_VFX_Pack_Vol2/Materials/M_Dandelion.M_Dandelion","0","9","1","1","0.000000","0","53"
"/Game/Realistic_Starter_VFX_Pack_Vol2/Materials/M_Butterfly.M_Butterfly","0","15","1","1","0.000000","0","123"
"/Game/Realistic_Starter_VFX_Pack_Vol2/Materials/M_Bubble_pop.M_Bubble_Pop","0","9","1","1","0.000000","0","47"
"/Game/Realistic_Starter_VFX_Pack_Vol2/Materials/M_WaterDrop.M_WaterDrop","0","69","1","1","66.581482","0","1072"
"/Game/Realistic_Starter_VFX_Pack_Vol2/Materials/M_Bubble.M_Bubble","0","9","1","1","0.000000","0","53"
"/Game/InfinityBladeEffects/Maps/LevelContent/Architecture/M_1Meter_01.M_1Meter_01","0","26","1","1","24.287298","0","187"
"/Game/InfinityBladeEffects/Environments/Plains/Env_Plains_Ruins/Materials/M_PLains_FloorStone.M_PLains_FloorStone","0","35","1","1","29.414635","0","302"
"/Game/Realistic_Starter_VFX_Pack_Vol2/Materials/M_Slash.M_Slash","0","9","1","1","7.250638","0","32"
"/Game/Realistic_Starter_VFX_Pack_Vol2/Materials/M_Smoke_Ground_C.M_Smoke_Ground_C","0","54","1","1","55.680393","0","427"
"/Game/Realistic_Starter_VFX_Pack_Vol2/Materials/M_Splat_A.M_Splat_A","0","9","1","1","0.000000","0","51"
"/Game/Realistic_Starter_VFX_Pack_Vol2/Materials/M_Blood_C.M_Blood_C","0","25","1","1","15.886236","0","151"
"/Game/Realistic_Starter_VFX_Pack_Vol2/Materials/M_Glow_C.M_Glow_C","0","12","1","1","9.129898","0","46"
"/Game/Realistic_Starter_VFX_Pack_Vol2/Materials/M_Smoke_Wisp.M_Smoke_Wisp","0","54","1","1","51.246769","0","571"
"/Game/Realistic_Starter_VFX_Pack_Vol2/Materials/M_Smoke_Puff_A.M_Smoke_Puff_A","0","54","1","1","54.305954","0","543"
"/Game/Realistic_Starter_VFX_Pack_Vol2/Materials/M_Smoke_Ground.M_Smoke_Ground","0","54","1","1","51.581711","0","587"
"/Game/Realistic_Starter_VFX_Pack_Vol2/Materials/M_Smoke_Ground_B.M_Smoke_Ground_B","0","54","1","1","0.000000","0","427"
"/Game/Realistic_Starter_VFX_Pack_Vol2/Materials/M_Smoke_A.M_Smoke_A","0","72","1","1","15.749178","0","664"
"/Game/Realistic_Starter_VFX_Pack_Vol2/Materials/M_Smoke_C.M_Smoke_C","0","54","1","1","51.194000","0","302"
"/Game/Realistic_Starter_VFX_Pack_Vol2/Materials/M_Rock_B.M_Rock_B","0","90","1","1","86.727020","0","1157"
"/Game/Realistic_Starter_VFX_Pack_Vol2/Materials/M_Paper.M_Paper","0","54","1","1","0.000000","0","746"
"/Game/Realistic_Starter_VFX_Pack_Vol2/Materials/M_WaterDrop_B.M_WaterDrop_B","0","69","1","1","67.611687","0","746"
"/Game/Realistic_Starter_VFX_Pack_Vol2/Materials/M_Heat_Distortion.M_Heat_Distortion","0","21","1","1","13.399269","0","169"
"/Game/Realistic_Starter_VFX_Pack_Vol2/Materials/M_Wood.M_Wood","0","90","1","1","89.191582","0","1446"
"/Game/Realistic_Starter_VFX_Pack_Vol2/Materials/M_Lightning_small.M_Lightning_small","0","9","1","1","7.449003","0","34"
"/Game/Realistic_Starter_VFX_Pack_Vol2/Materials/M_Impact_B.M_Impact_B","0","9","1","1","7.623504","0","45"
"/Game/Realistic_Starter_VFX_Pack_Vol2/Materials/M_Impact_C.M_Impact_C","0","9","1","1","0.000000","0","53"
"/Game/Realistic_Starter_VFX_Pack_Vol2/Materials/M_Glass.M_Glass","0","54","1","1","0.000000","0","708"
"/Game/Realistic_Starter_VFX_Pack_Vol2/Materials/M_Glow_D.M_Glow_D","0","9","1","1","7.576102","0","27"
"/Game/Realistic_Starter_VFX_Pack_Vol2/Materials/M_spark_C.M_Spark_C","0","9","1","1","7.377959","0","34"
"/Game/Realistic_Starter_VFX_Pack_Vol2/Materials/M_Spark_A.M_Spark_A","0","9","1","1","7.117687","0","38"
"/Game/Realistic_Starter_VFX_Pack_Vol2/Materials/M_Fire_B.M_Fire_B","0","9","1","1","7.427249","0","36"
"/Game/Realistic_Starter_VFX_Pack_Vol2/Materials/M_Fire_C.M_Fire_C","0","9","1","1","7.803757","0","27"
"/Game/Realistic_Starter_VFX_Pack_Vol2/Materials/M_Flies.M_Flies","0","54","1","1","52.000854","0","398"
"/Game/Realistic_Starter_VFX_Pack_Vol2/Materials/M_Explosion_E.M_Explosion_E","0","9","1","1","7.527712","0","27"
"/Game/Realistic_Starter_VFX_Pack_Vol2/Materials/M_Explosion_i.M_Explosion_I","0","72","1","1","72.011566","0","615"
"/Game/Realistic_Starter_VFX_Pack_Vol2/Materials/M_Explosion_G.M_Explosion_G","0","72","1","1","68.102829","0","857"
"/Game/Realistic_Starter_VFX_Pack_Vol2/Materials/M_Explosion_D.M_Explosion_D","0","72","1","1","66.932648","0","698"
"/Game/Realistic_Starter_VFX_Pack_Vol2/Materials/M_Explosion_B.M_Explosion_B","0","54","2","1","51.173454","0","574"
"/Game/Realistic_Starter_VFX_Pack_Vol2/Materials/M_WaterDrop_A.M_WaterDrop_A","0","69","1","1","60.734226","0","770"
"/Game/InfinityBladeEffects/Environments/Misc/Env_ALL_Artifacts/Materials/M_Env_Health_Terminus.M_Env_Health_Terminus","0","35","1","1","26.152781","0","403"
"/Game/InfinityBladeEffects/Environments/Ice/Env_Ice_Mountain/Materials/M_IceMountain_Boulder.M_IceMountain_Boulder","0","35","1","1","26.102869","0","328"
"/Game/InfinityBladeEffects/Effects/OLD/Effects/FX_Materials/ICE/M_IceMountain_Boulder_MeshEmit.M_IceMountain_Boulder_MeshEmit","0","10","1","1","5.390074","0","56"
"/Game/InfinityBladeEffects/Effects/FX_Materials/ICE/M_IceMountain_Boulder_MeshEmit.M_IceMountain_Boulder_MeshEmit","0","10","1","1","0.000000","0","56"
"/Game/InfinityBladeEffects/Effects/FX_Materials/Mobile/M_Ice_Unlit.M_Ice_Unlit","0","10","1","1","5.447479","0","56"
"/Game/InfinityBladeEffects/Environments/Fire/Env_Fire_Magma/Materials/M_Lava_flows_trans.M_Lava_flows_trans","0","29","1","1","20.843369","0","266"
"/Game/InfinityBladeEffects/Effects/FX_Materials/Mobile/M_LavaFlows_Trans_2sided.M_LavaFlows_Trans_2sided","0","10","1","1","6.297463","0","57"
"/Game/InfinityBladeEffects/Effects/FX_Materials/Mobile/M_LavaFlows_Trans.M_LavaFlows_Trans","0","3","3","1","2.359750","0","4"
"/Game/InfinityBladeEffects/Effects/FX_Materials/Mobile/M_LavaFlows_Fast_Trans.M_LavaFlows_Fast_Trans","0","3","1","1","2.407770","0","8"
"/Game/InfinityBladeEffects/Effects/FX_Materials/Mobile/M_Dungeon_Pipe_FlowingLava_Cool.M_Dungeon_Pipe_FlowingLava_Cool","0","8","1","1","4.521039","0","43"
"/Game/InfinityBladeEffects/Effects/FX_Materials/Mobile/M_RoboChains_MeshEmit.M_RoboChains_MeshEmit","0","15","1","1","0.000000","0","123"
"/Game/InfinityBladeEffects/Environments/Env_Rocks/Materials/M_JaggedRock_01.M_JaggedRock_01","0","26","1","1","18.880663","0","268"
"/Game/InfinityBladeEffects/Effects/FX_Materials/Mobile/M_JaggedRock_Trans_MeshEmit_Lit.M_JaggedRock_Trans_MeshEmit_Lit","0","9","1","1","0.000000","0","53"
"/Game/InfinityBladeEffects/Effects/FX_Materials/Mobile/M_JaggedRock_MeshEmit_Lit.M_JaggedRock_MeshEmit_Lit","0","35","1","1","26.693207","0","399"
"/Game/InfinityBladeEffects/Environments/Breakables/Materials/M_Breakables_Fort_Wall_Destroyed.M_Breakables_Fort_Wall_Destroyed","0","26","1","1","18.647633","0","229"
"/Game/InfinityBladeEffects/Environments/Breakables/Materials/M_Breakables_Fort_Wall_Destroyed_Trim.M_Breakables_Fort_Wall_Destroyed_Trim","0","26","1","1","0.000000","0","229"
"/Game/InfinityBladeEffects/Environments/Breakables/Materials/M_Breakables_Pots_Red.M_Breakables_Pots_Red","0","26","1","1","18.911098","0","217"
"/Game/InfinityBladeEffects/Effects/FX_Materials/Mobile/Beakable_Master_MeshEmit.Beakable_Master_MeshEmit","0","59","1","1","49.243824","0","847"
"/Game/InfinityBladeEffects/Effects/FX_Materials/Enemy/M_Enemy_GreaterSpiderBoss_FX_Master.M_Enemy_GreaterSpiderBoss_FX_Master","0","38","1","1","29.677612","0","430"
"/Game/InfinityBladeEffects/Enemy/Enemy_Chicken/Materials/M_Survival_CA_Chicken_02.M_Survival_CA_Chicken_02","0","38","1","1","33.191219","0","426"
"/Game/InfinityBladeEffects/Enemy/Enemy_Chicken/Materials/M_EnemyChicken.M_EnemyChicken","0","54","1","1","39.398815","0","733"
"/Game/InfinityBladeEffects/Effects/FX_Materials/Glyph/M_IB_Debris_Boxes_Trans.M_IB_Debris_Boxes_Trans","0","6","1","1","4.511457","0","26"
"/Game/InfinityBladeEffects/Effects/FX_Materials/Glyph/M_IB_Debris_Boxes_Opaque.M_IB_Debris_Boxes_Opaque","0","6","1","1","3.483601","0","22"
"/Game/InfinityBladeEffects/Effects/FX_Materials/Glyph/M_IB_AnimGrid_Trans.M_IB_AnimGrid_Trans","0","54","1","1","52.356800","0","651"
"/Game/InfinityBladeEffects/Effects/FX_Materials/Glyph/M_IB_AnimGrid_Masked_Trans.M_IB_AnimGrid_Masked_Trans","0","54","1","1","0.000000","0","651"
"/Game/InfinityBladeEffects/Effects/FX_Materials/Glyph/M_IB_AnimGrid_Trans_MeshMat.M_IB_AnimGrid_Trans_MeshMat","0","54","1","1","46.095562","0","703"
"/Game/InfinityBladeEffects/Effects/FX_Materials/Glyph/M_IB_AnimGrid_Trans_MeshEmit.M_IB_AnimGrid_Trans_MeshEmit","0","72","1","1","19.117203","0","1119"
"/Game/InfinityBladeEffects/Effects/FX_Materials/Gradient/M_Impact_IB_SubUV.M_Impact_IB_SubUV","0","9","1","1","7.168463","0","47"
"/Game/InfinityBladeEffects/Effects/FX_Materials/Glyph/M_IB_AnimGrid_2_Trans.M_IB_AnimGrid_2_Trans","0","54","1","1","0.000000","0","651"
"/Game/InfinityBladeEffects/Effects/FX_Materials/Mobile/M_Portal_Add.M_Portal_Add","0","9","1","1","6.359793","0","46"
"/Game/InfinityBladeEffects/Effects/FX_Materials/Mobile/M_Heal_Add_2Sided.M_Heal_Add_2Sided","0","5","1","1","3.597753","0","15"
"/Game/InfinityBladeEffects/Effects/FX_Materials/Mobile/M_Glowing_Eyes.M_Glowing_Eyes","0","5","1","1","3.544405","0","15"
"/Game/InfinityBladeEffects/Effects/FX_Materials/Mobile/M_Tornado_Fire_Trans_02.M_Tornado_Fire_Trans_02","0","15","1","1","8.915423","0","99"
"/Game/InfinityBladeEffects/Effects/FX_Materials/Mobile/M_Portal_Trans.M_Portal_Trans","0","9","1","1","6.570440","0","53"
"/Game/InfinityBladeEffects/Effects/FX_Materials/Mobile/M_LeachBeam_Trans.M_LeachBeam_Trans","0","6","1","1","4.679967","0","26"
"/Game/InfinityBladeEffects/Effects/FX_Materials/Mobile/M_CombatArea_Base.M_CombatArea_Base","0","9","1","1","6.492342","0","45"
"/Game/InfinityBladeEffects/Effects/FX_Materials/Fire/M_FlickerGlow_Forge.M_FlickerGlow_Forge","0","6","1","1","4.359747","0","23"
"/Game/InfinityBladeEffects/Effects/Masters/M_Trans_Sprite_Master_DepthFade.M_Trans_Sprite_Master_DepthFade","0","9","1","1","29.296247","0","45"
"/Game/InfinityBladeEffects/Effects/Masters/M_Trans_Sprite_Master.M_Trans_Sprite_Master","0","12","1","1","0.000000","0","89"
"/Game/InfinityBladeEffects/Effects/Masters/M_Add_Trail_2Sided_Pan_Master.M_Add_Trail_2Sided_Pan_Master","0","30","4","2","21.070965","0","190"
"/Game/InfinityBladeEffects/Effects/FX_Materials/Mobile/M_JaggedRockFire_MeshEmit_Master.M_JaggedRockFire_MeshEmit_Master","0","35","1","1","0.000000","0","399"
"/Game/InfinityBladeEffects/Effects/FX_Materials/Mobile/M_Fire_Trans_Tile_2sided_Master.M_Fire_Trans_Tile_2sided_Master","0","20","1","1","12.180333","0","180"
"/Game/InfinityBladeEffects/Effects/FX_Materials/Mobile/M_LevelRing_00.M_LevelRing_00","0","20","1","1","12.032412","0","148"
"/Game/InfinityBladeEffects/Effects/FX_Materials/Mobile/M_Spark_Add_01_mobile.M_Spark_Add_01_mobile","0","9","1","1","6.588727","0","53"
"/Game/InfinityBladeEffects/Effects/FX_Materials/Mobile/M_Smoke_Add_2_mobile.M_Smoke_Add_2_mobile","0","9","1","1","6.166086","0","53"
"/Game/InfinityBladeEffects/Effects/FX_Materials/Mobile/M_Smoke_Trans_mobile.M_Smoke_Trans_mobile","0","9","1","1","0.000000","0","53"
"/Game/InfinityBladeEffects/Effects/FX_Materials/Mobile/M_IceBlastFog.M_IceBlastFog","0","10","1","1","6.277136","0","52"
"/Game/InfinityBladeEffects/Effects/FX_Materials/Mobile/M_Ice_Mesh03.M_Ice_Mesh03","0","14","1","1","11.144678","0","95"
"/Game/InfinityBladeEffects/Effects/FX_Materials/Mobile/M_HealBeam_Trans.M_HealBeam_Trans","0","6","1","1","4.450536","0","26"
"/Game/InfinityBladeEffects/Effects/FX_Materials/Mobile/M_FireBeam_Trans.M_FireBeam_Trans","0","6","1","1","4.433840","0","18"
"/Game/InfinityBladeEffects/Effects/FX_Materials/Mobile/M_GroundCrack_SubUV.M_GroundCrack_SubUV","0","9","1","1","6.257050","0","39"
"/Game/InfinityBladeEffects/Effects/FX_Materials/Mobile/M_ForgeCoals_Fire.M_ForgeCoals_Fire","0","3","1","1","2.497884","0","8"
"/Game/InfinityBladeEffects/Effects/FX_Materials/Mobile/M_FireSky_moving.M_FireSky_moving","0","4","1","1","2.339614","0","13"
"/Game/InfinityBladeEffects/Effects/FX_Materials/Mobile/M_FireSky.M_FireSky","0","4","1","1","0.000000","0","13"
"/Game/InfinityBladeEffects/Effects/FX_Materials/Mobile/M_Fire_Add_RingsubUV.M_Fire_Add_RingsubUV","0","9","1","1","0.000000","0","45"
"/Game/InfinityBladeEffects/Effects/FX_Materials/Mobile/M_ExploD_Trans_subUV_mobile.M_ExploD_Trans_subUV_mobile","0","9","1","1","6.565044","0","45"
"/Game/InfinityBladeEffects/Effects/FX_Materials/Mobile/M_cracks_01_mobile.M_cracks_01_mobile","0","9","1","1","0.000000","0","45"
"/Game/InfinityBladeEffects/Effects/FX_Materials/Mobile/M_ShieldMesh_mobile.M_ShieldMesh_mobile","0","12","1","1","8.265349","0","78"
"/Game/InfinityBladeEffects/Effects/FX_Materials/Mobile/M_ChargeMesh_mobile1.M_ChargeMesh_mobile1","0","20","1","1","11.752645","0","171"
"/Game/InfinityBladeEffects/Effects/FX_Materials/Mobile/M_CombatArea_Solid.M_CombatArea_Solid","0","9","1","1","0.000000","0","45"
"/Game/InfinityBladeEffects/Effects/FX_Materials/Mobile/M_CandleGlow_2sided.M_CandleGlow_2sided","0","56","1","1","42.395786","0","881"
"/Game/InfinityBladeEffects/Effects/FX_Materials/Mobile/M_CandleGlow.M_CandleGlow","0","47","1","1","36.747112","0","724"
"/Game/InfinityBladeEffects/Effects/FX_Materials/Mobile/M_Sky_Flashing_Panning_Master.M_Sky_Flashing_Panning_Master","0","4","1","1","2.429178","0","13"
"/Game/InfinityBladeEffects/Effects/FX_Materials/Mobile/M_Sky_Flashing_Panning.M_Sky_Flashing_Panning","0","4","1","1","0.000000","0","13"
"/Game/InfinityBladeEffects/Effects/FX_Materials/Mobile/M_BlueSky_Moving.M_BlueSky_Moving","0","4","1","1","0.000000","0","13"
"/Game/InfinityBladeEffects/Effects/FX_Materials/Mobile/M_BlueSky.M_BlueSky","0","4","1","1","0.000000","0","13"
"/Game/InfinityBladeEffects/Effects/FX_Materials/Mobile/M_Smoke_Trans_subUV_3_4_mobile.M_Smoke_Trans_subUV_3_4_mobile","0","9","1","1","0.000000","0","53"
"/Game/InfinityBladeEffects/Effects/FX_Materials/Mobile/M_BlastDir_Add_01_mobile.M_BlastDir_Add_01_mobile","0","9","1","1","6.473571","0","53"
"/Game/InfinityBladeEffects/Effects/FX_Materials/Mobile/M_BladeSwipe04.M_BladeSwipe04","0","15","1","1","10.144784","0","114"
"/Game/InfinityBladeEffects/Effects/FX_Materials/Mobile/M_Bats_Trans_mobile.M_Bats_Trans_mobile","0","9","1","1","6.835929","0","46"
"/Game/InfinityBladeEffects/Effects/FX_Materials/Mobile/M_LightSconces_Glow.M_LightSconces_Glow","0","26","1","1","22.123631","0","207"
"/Game/InfinityBladeEffects/Effects/FX_Materials/Mobile/M_YinYang_Circle.M_YinYang_Circle","0","15","1","1","9.118548","0","113"
"/Game/InfinityBladeEffects/Effects/FX_Materials/Mobile/M_SparkCore_Add_01_mobile.M_SparkCore_Add_01_mobile","0","9","1","1","0.000000","0","53"
"/Game/InfinityBladeEffects/Effects/FX_Materials/Mobile/M_Spark_2_2_01.M_Spark_2_2_01","0","9","1","1","0.000000","0","53"
"/Game/InfinityBladeEffects/Effects/FX_Materials/Mobile/M_Snow.M_Snow","0","5","1","1","3.527745","0","19"
"/Game/InfinityBladeEffects/Effects/FX_Materials/Mobile/M_Smoke_Trans_subUV_mobile.M_Smoke_Trans_subUV_mobile","0","9","1","1","0.000000","0","53"
"/Game/InfinityBladeEffects/Effects/FX_Materials/Mobile/M_Smoke_Add_subUV_mult.M_Smoke_Add_subUV_mult","0","9","1","1","0.000000","0","53"
"/Game/InfinityBladeEffects/Effects/FX_Materials/Mobile/M_Smoke_Addit_subUV_mobile.M_Smoke_Addit_subUV_mobile","0","9","1","1","6.593660","0","45"
"/Game/InfinityBladeEffects/Effects/FX_Materials/Mobile/M_SmokeTile_Trail_01.M_SmokeTile_Trail_01","0","6","1","1","2.061331","0","26"
"/Game/InfinityBladeEffects/Effects/FX_Materials/Mobile/M_Smoke_Trans_subUV_4_8_mobile.M_Smoke_Trans_subUV_4_8_mobile","0","9","1","1","0.000000","0","53"
"/Game/InfinityBladeEffects/Effects/FX_Materials/Mobile/M_SmokeWispy_Pan.M_SmokeWispy_Pan","0","9","1","1","6.900163","0","46"
"/Game/InfinityBladeEffects/Effects/FX_Materials/Mobile/M_SmokeWispy_Gradient_Pan.M_SmokeWispy_Gradient_Pan","0","9","1","1","0.000000","0","53"
"/Game/InfinityBladeEffects/Effects/FX_Materials/Mobile/M_SmokeSingle_Trans_mobile.M_SmokeSingle_Trans_mobile","0","9","1","1","0.000000","0","53"
"/Game/InfinityBladeEffects/Effects/FX_Materials/Mobile/M_SmokeSingle_Add.M_SmokeSingle_Add","0","9","1","1","0.000000","0","53"
"/Game/InfinityBladeEffects/Effects/FX_Materials/Mobile/M_Add_Unlit_EndGate.M_Add_Unlit_EndGate","0","9","1","1","6.712310","0","42"
"/Game/InfinityBladeEffects/Effects/FX_Materials/Mobile/M_Smoke3_Trans_subUV_mobile.M_Smoke3_Trans_subUV_mobile","0","9","1","1","0.000000","0","53"
"/Game/InfinityBladeEffects/Effects/FX_Materials/Mobile/M_Smoke3_Add_subUV_mobile.M_Smoke3_Add_subUV_mobile","0","9","1","1","0.000000","0","53"
"/Game/InfinityBladeEffects/Effects/FX_Materials/Mobile/M_Smoke2_Trans_subUV_mobile.M_Smoke2_Trans_subUV_mobile","0","9","1","1","0.000000","0","53"
"/Game/InfinityBladeEffects/Effects/FX_Materials/Mobile/M_Fog_Orng_mobile.M_Fog_Orng_mobile","0","9","1","1","6.335194","0","29"
"/Game/InfinityBladeEffects/Effects/FX_Materials/Mobile/M_Fog_Green_mobile.M_Fog_Green_mobile","0","9","1","1","0.000000","0","29"
"/Game/InfinityBladeEffects/Effects/FX_Materials/Mobile/M_Fog_Blue_mobile.M_Fog_Blue_mobile","0","12","1","1","2.393718","0","53"
"/Game/InfinityBladeEffects/Effects/FX_Materials/Smoke/M_FogSheet_Fire_03.M_FogSheet_Fire_03","0","3","1","1","2.528780","0","8"
"/Game/InfinityBladeEffects/Effects/FX_Materials/Smoke/M_FogSheet_Add_Ice_T3.M_FogSheet_Add_Ice_T3","0","3","1","1","0.000000","0","8"
"/Game/InfinityBladeEffects/Effects/FX_Materials/Smoke/M_FogSheet_Add.M_FogSheet_Add","0","6","1","1","4.512342","0","21"
"/Game/InfinityBladeEffects/Effects/FX_Materials/Mobile/M_FogSheet_Trans.M_FogSheet_Trans","0","3","1","1","0.000000","0","8"
"/Game/InfinityBladeEffects/Effects/FX_Materials/Mobile/M_Tile_Noise_Tendril_01.M_Tile_Noise_Tendril_01","0","6","1","1","4.384438","0","26"
"/Game/InfinityBladeEffects/Effects/FX_Materials/Misc/M_DeathPlane_01.M_DeathPlane_01","0","12","1","1","8.389996","0","51"
"/Game/InfinityBladeEffects/Effects/FX_Materials/Enemy/M_Ausar_ShieldBlast_01.M_Ausar_ShieldBlast_01","0","20","1","1","12.112666","0","157"
"/Game/InfinityBladeEffects/Effects/FX_Materials/Misc/M_Telecharge_char_01.M_Telecharge_char_01","0","6","1","1","3.466233","0","26"
"/Game/InfinityBladeEffects/Effects/FX_Materials/Mobile/M_IB_Blood_Trans_subUV_mobile.M_IB_Blood_Trans_subUV_mobile","0","9","1","1","6.517404","0","53"
"/Game/InfinityBladeEffects/Effects/FX_Materials/Mobile/M_Blood_Trans_03.M_Blood_Trans_03","0","9","1","1","0.000000","0","53"
"/Game/InfinityBladeEffects/Effects/FX_Materials/Mobile/M_Blood_Mod_03_mobile.M_Blood_Mod_03_mobile","0","9","1","1","0.000000","0","53"
"/Game/InfinityBladeEffects/Effects/FX_Materials/Liquid/M_Liquid_Splat_03_INST.M_Liquid_Splat_03_INST","0","9","1","1","0.000000","0","53"
"/Game/InfinityBladeEffects/Effects/FX_Materials/Mobile/M_Blood_Trans_Emissive_02.M_Blood_Trans_Emissive_02","0","9","1","1","0.000000","0","53"
"/Game/InfinityBladeEffects/Effects/FX_Materials/Mobile/M_Blood_Trans_02.M_Blood_Trans_02","0","9","1","1","0.000000","0","53"
"/Game/InfinityBladeEffects/Effects/FX_Materials/Mobile/M_Blood_Mod_02_mobile.M_Blood_Mod_02_mobile","0","9","1","1","0.000000","0","53"
"/Game/InfinityBladeEffects/Effects/FX_Materials/Mobile/M_Blood_Trans_01.M_Blood_Trans_01","0","9","1","1","0.000000","0","53"
"/Game/InfinityBladeEffects/Effects/FX_Materials/Mobile/M_Blood_Mod_01_mobile.M_Blood_Mod_01_mobile","0","9","1","1","0.000000","0","53"
"/Game/InfinityBladeEffects/Effects/FX_Materials/Mobile/M_Lightning_Radial_add_subuv_4x4.M_Lightning_Radial_add_subuv_4x4","0","9","1","1","0.000000","0","45"
"/Game/InfinityBladeEffects/Effects/FX_Materials/Mobile/M_Lightning_Bolt_01.M_Lightning_Bolt_01","0","9","1","1","0.000000","0","45"
"/Game/InfinityBladeEffects/Effects/FX_Materials/Mobile/M_Lightning_Arc_Add_subUV.M_Lightning_Arc_Add_subUV","0","9","1","1","6.468869","0","41"
"/Game/InfinityBladeEffects/Effects/FX_Materials/Mobile/M_SnowSubUV_2_3_MeshEmit.M_SnowSubUV_2_3_MeshEmit","0","9","1","1","0.000000","0","53"
"/Game/InfinityBladeEffects/Effects/FX_Materials/Mobile/M_SnowSubUV_2_3.M_SnowSubUV_2_3","0","9","1","1","0.000000","0","53"
"/Game/InfinityBladeEffects/Effects/FX_Materials/Mobile/M_Ice_Shard_Tiled_Mesh_Unlit_01.M_Ice_Shard_Tiled_Mesh_Unlit_01","0","12","1","1","8.368618","0","56"
"/Game/InfinityBladeEffects/Effects/FX_Materials/Mobile/M_Ice_Shard_Tiled_D.M_Ice_Shard_Tiled_D","0","26","1","1","18.638885","0","195"
"/Game/InfinityBladeEffects/Effects/FX_Materials/Mobile/M_IceTrap_Shard.M_IceTrap_Shard","0","38","1","1","16.209528","0","539"
"/Game/InfinityBladeEffects/Effects/FX_Materials/ICE/M_JaggedRockIce_MeshEmit_Blue.M_JaggedRockIce_MeshEmit_Blue","0","26","1","1","26.671288","0","180"
"/Game/InfinityBladeEffects/Effects/FX_Materials/Mobile/M_IceSword.M_IceSword","0","15","1","1","0.000000","0","123"
"/Game/InfinityBladeEffects/Effects/FX_Materials/Mobile/M_IceSkills_Base.M_IceSkills_Base","0","9","1","1","0.000000","0","53"
"/Game/InfinityBladeEffects/Effects/FX_Materials/ICE/M_IceSkills_Base_Lit.M_IceSkills_Base_Lit","0","12","1","1","8.577501","0","59"
"/Game/InfinityBladeEffects/Effects/FX_Materials/Mobile/M_Plate_Floor_2_Ice.M_Plate_Floor_2_Ice","0","23","1","1","19.074135","0","186"
"/Game/InfinityBladeEffects/Effects/FX_Materials/ICE/M_JaggedRockIce_MeshEmit.M_JaggedRockIce_MeshEmit","0","35","1","1","27.022181","0","457"
"/Game/InfinityBladeEffects/Effects/FX_Materials/ICE/M_IceShard.M_IceShard","0","6","1","1","0.000000","0","26"
"/Game/InfinityBladeEffects/Effects/FX_Materials/ICE/M_IceChunksBase.M_IceChunksBase","0","12","1","1","8.528383","0","58"
"/Game/InfinityBladeEffects/Effects/FX_Materials/ICE/M_IceBlastIcicles_Fade.M_IceBlastIcicles_Fade","0","72","1","1","64.389359","0","1129"
"/Game/InfinityBladeEffects/Effects/FX_Materials/Mobile/M_IceBlastIcicles.M_IceBlastIcicles","0","6","1","1","1.898131","0","24"
"/Game/InfinityBladeEffects/Effects/FX_Materials/ICE/M_IceBlastBase.M_IceBlastBase","0","72","1","1","69.840347","0","1169"
"/Game/InfinityBladeEffects/Effects/FX_Materials/Mobile/M_Ice_Attack_Top.M_Ice_Attack_Top","0","15","1","1","9.525373","0","98"
"/Game/InfinityBladeEffects/Effects/FX_Materials/Mobile/M_Ice_Attack_Side_Add.M_Ice_Attack_Side_Add","0","15","1","1","8.979152","0","90"
"/Game/InfinityBladeEffects/Effects/FX_Materials/Mobile/M_Ice_Attack_Side.M_Ice_Attack_Side","0","15","1","1","0.000000","0","98"
"/Game/InfinityBladeEffects/Effects/OLD/Effects/FX_Materials/Gradient/M_Add_Unlit_TerminGlow.M_Add_Unlit_TerminGlow","0","10","1","1","0.000000","0","56"
"/Game/InfinityBladeEffects/Effects/FX_Materials/Mobile/M_GlowVert_Trans.M_GlowVert_Trans","0","9","1","1","0.000000","0","53"
"/Game/InfinityBladeEffects/Effects/FX_Materials/Mobile/M_GlowVert_Add.M_GlowVert_Add","0","9","1","1","0.000000","0","53"
"/Game/InfinityBladeEffects/Effects/FX_Materials/Misc/M_Targeting_Enemy.M_Targeting_Enemy","0","12","1","1","8.242903","0","69"
"/Game/InfinityBladeEffects/Effects/FX_Materials/Mobile/M_TraceTrail_Fire.M_TraceTrail_Fire","0","10","1","1","2.808120","0","56"
"/Game/InfinityBladeEffects/Effects/FX_Materials/Mobile/M_SwipeTrail_EdgeFade.M_SwipeTrail_EdgeFade","0","18","1","1","0.000000","0","116"
"/Game/InfinityBladeEffects/Effects/FX_Materials/Mobile/M_SwipeTrail_Add_2Sided_Emissive_MESH.M_SwipeTrail_Add_2Sided_Emissive_MESH","0","5","1","1","0.000000","0","16"
"/Game/InfinityBladeEffects/Effects/FX_Materials/Env/M_Treasure_Gold_Add_2sided.M_Treasure_Gold_Add_2sided","0","10","1","1","6.141737","0","64"
"/Game/InfinityBladeEffects/Effects/FX_Materials/Mobile/M_Shield_Rim_Add.M_Shield_Rim_Add","0","9","1","1","0.000000","0","53"
"/Game/InfinityBladeEffects/Effects/FX_Materials/Mobile/M_Flare_Add_03_mobile.M_Flare_Add_03_mobile","0","9","1","1","0.000000","0","53"
"/Game/InfinityBladeEffects/Effects/FX_Materials/Mobile/M_Flare_Add_02_mobile.M_Flare_Add_02_mobile","0","9","1","1","0.000000","0","53"
"/Game/InfinityBladeEffects/Effects/FX_Materials/Mobile/M_Flare_Add_01_mobile.M_Flare_Add_01_mobile","0","9","1","1","0.000000","0","53"
"/Game/InfinityBladeEffects/Effects/FX_Materials/Mobile/M_Flare_Add_01_2sided.M_Flare_Add_01_2sided","0","15","1","1","0.000000","0","114"
"/Game/InfinityBladeEffects/Effects/FX_Materials/Mobile/M_Opaque_Axes_Spin.M_Opaque_Axes_Spin","0","6","1","1","0.000000","0","21"
"/Game/InfinityBladeEffects/Effects/FX_Materials/Mobile/M_Flare_Add_04_mobile.M_Flare_Add_04_mobile","0","9","1","1","0.000000","0","53"
"/Game/InfinityBladeEffects/Effects/FX_Materials/Mobile/M_Flare_Add_04_Inst.M_Flare_Add_04_Inst","0","9","1","1","0.000000","0","53"
"/Game/InfinityBladeEffects/Effects/FX_Materials/Mobile/M_Flare_Add_03_2sided.M_Flare_Add_03_2sided","0","15","1","1","0.000000","0","114"
"/Game/InfinityBladeEffects/Effects/FX_Materials/Mobile/M_SlashDir_Add_01_mobile.M_SlashDir_Add_01_mobile","0","15","1","1","0.000000","0","114"
"/Game/InfinityBladeEffects/Effects/FX_Materials/Mobile/M_Sword_Opaque_Master.M_Sword_Opaque_Master","0","10","1","1","5.454589","0","60"
"/Game/InfinityBladeEffects/Effects/FX_Materials/Mobile/M_LightCone.M_LightCone","0","9","1","1","0.000000","0","45"
"/Game/InfinityBladeEffects/Effects/FX_Materials/Mobile/M_IceHammerGlow.M_IceHammerGlow","0","9","1","1","0.000000","0","53"
"/Game/InfinityBladeEffects/Effects/FX_Materials/Mobile/M_Impact_SubUV.M_Impact_SubUV","0","9","1","1","0.000000","0","53"
"/Game/InfinityBladeEffects/Effects/FX_Materials/Gradient/M_Opaque_Hammer_Spin.M_Opaque_Hammer_Spin","0","10","1","1","2.173676","0","59"
"/Game/InfinityBladeEffects/Effects/FX_Materials/Mobile/M_GlowNoise_Radial_01_Trans.M_GlowNoise_Radial_01_Trans","0","9","1","1","0.000000","0","53"
"/Game/InfinityBladeEffects/Effects/FX_Materials/Mobile/M_GlowNoise_Radial_01.M_GlowNoise_Radial_01","0","9","1","1","0.000000","0","53"
"/Game/InfinityBladeEffects/Effects/FX_Materials/Mobile/M_GlowNoise_01_2sided_MeshEmit.M_GlowNoise_01_2sided_MeshEmit","0","10","1","1","0.000000","0","56"
"/Game/InfinityBladeEffects/Effects/FX_Materials/Mobile/M_GlowNoise_01_2sided.M_GlowNoise_01_2sided","0","15","1","1","0.000000","0","114"
"/Game/InfinityBladeEffects/Effects/FX_Materials/Mobile/M_GlowNoise_01.M_GlowNoise_01","0","9","1","1","0.000000","0","53"
"/Game/InfinityBladeEffects/Effects/FX_Materials/Mobile/M_Flare_Add_RadialRings_02.M_Flare_Add_RadialRings_02","0","9","1","1","0.000000","0","53"
"/Game/InfinityBladeEffects/Effects/FX_Materials/Mobile/M_Flare_Add_RadialRings_03.M_Flare_Add_RadialRings_03","0","9","1","1","0.000000","0","53"
"/Game/InfinityBladeEffects/Effects/FX_Materials/Mobile/M_Flare_Add_RadialRings_01.M_Flare_Add_RadialRings_01","0","9","1","1","0.000000","0","53"
"/Game/InfinityBladeEffects/Effects/FX_Materials/Mobile/M_HealSpiral_Add.M_HealSpiral_Add","0","5","1","1","3.632013","0","15"
"/Game/InfinityBladeEffects/Effects/FX_Materials/Mobile/M_ReflectArrow_Grad.M_ReflectArrow_Grad","0","12","1","1","1.863507","0","89"
"/Game/InfinityBladeEffects/Effects/FX_Materials/Mobile/M_BlastWave_mobile.M_BlastWave_mobile","0","9","1","1","0.000000","0","53"
"/Game/InfinityBladeEffects/Effects/FX_Materials/Mobile/M_BlastWave_MeshEmit_Trans.M_BlastWave_MeshEmit_Trans","0","9","1","1","0.000000","0","53"
"/Game/InfinityBladeEffects/Effects/FX_Materials/Mobile/M_BlastWave_MeshEmit_2Sided.M_BlastWave_MeshEmit_2Sided","0","15","1","1","9.059887","0","122"
"/Game/InfinityBladeEffects/Effects/FX_Materials/Mobile/M_BlastWave_MeshEmit.M_BlastWave_MeshEmit","0","12","1","1","1.858955","0","89"
"/Game/InfinityBladeEffects/Effects/FX_Materials/Mobile/M_BlastWave_2sided.M_BlastWave_2sided","0","20","1","1","2.603012","0","174"
"/Game/InfinityBladeEffects/Effects/FX_Materials/Mobile/M_FlashHalf_Add_mobile.M_FlashHalf_Add_mobile","0","9","1","1","0.000000","0","53"
"/Game/InfinityBladeEffects/Effects/FX_Materials/Mobile/M_AuraCircle_add.M_AuraCircle_add","0","5","1","1","0.000000","0","19"
"/Game/InfinityBladeEffects/Effects/FX_Materials/Mobile/M_AuraCircle.M_AuraCircle","0","10","1","1","2.814772","0","64"
"/Game/InfinityBladeEffects/Effects/FX_Materials/Trails/M_IB_SwipeTrail.M_IB_SwipeTrail","0","15","1","1","8.901333","0","95"
"/Game/InfinityBladeEffects/Effects/FX_Materials/Gradient/M_Add_Unlit_TerminGlow.M_Add_Unlit_TerminGlow","0","10","1","1","6.328928","0","59"
"/Game/InfinityBladeEffects/Effects/FX_Materials/Mobile/M_Spider_Anim.M_Spider_Anim","0","18","1","1","17.278683","0","111"
"/Game/InfinityBladeEffects/Effects/FX_Materials/Mobile/M_Glyph_Add_Outer_mobile.M_Glyph_Add_Outer_mobile","0","9","1","1","0.000000","0","53"
"/Game/InfinityBladeEffects/Effects/FX_Materials/Mobile/M_Glyph_Add_Inner_mobile.M_Glyph_Add_Inner_mobile","0","9","1","1","0.000000","0","53"
"/Game/InfinityBladeEffects/Effects/FX_Materials/Glyph/M_IB_Flash_Add.M_IB_Flash_Add","0","9","1","1","6.907333","0","45"
"/Game/InfinityBladeEffects/Effects/FX_Materials/Glyph/M_IB_Flares_Grid.M_IB_Flares_Grid","0","9","1","1","6.612426","0","29"
"/Game/InfinityBladeEffects/Effects/FX_Materials/Glyph/M_IB_Flares.M_IB_Flares","0","9","1","1","0.000000","0","45"
"/Game/InfinityBladeEffects/Effects/FX_Materials/Mobile/M_HeartHeal_Trans.M_HeartHeal_Trans","0","9","1","1","0.000000","0","45"
"/Game/InfinityBladeEffects/Effects/FX_Materials/Mobile/M_GhostSkull.M_GhostSkull","0","20","1","1","0.000000","0","203"
"/Game/InfinityBladeEffects/Effects/FX_Materials/Mobile/M_ForgeLogo.M_ForgeLogo","0","15","1","1","0.000000","0","114"
"/Game/InfinityBladeEffects/Effects/FX_Materials/Mobile/M_ForgeFail_X.M_ForgeFail_X","0","9","1","1","0.000000","0","53"
"/Game/InfinityBladeEffects/Effects/FX_Materials/Mobile/M_CombatArea_Edge.M_CombatArea_Edge","0","9","1","1","0.000000","0","45"
"/Game/InfinityBladeEffects/Effects/FX_Materials/Mobile/M_Projectile_2Side_01.M_Projectile_2Side_01","0","15","1","1","9.610370","0","113"
"/Game/InfinityBladeEffects/Effects/FX_Materials/Mobile/M_Projectile_01.M_Projectile_01","0","9","1","1","6.758599","0","53"
"/Game/InfinityBladeEffects/Effects/FX_Materials/Mobile/M_Lava_Flowing.M_Lava_Flowing","0","23","1","1","18.681870","0","188"
"/Game/InfinityBladeEffects/Effects/FX_Materials/Mobile/M_FlowingLava_HOT_red_Cool.M_FlowingLava_HOT_red_Cool","0","4","1","1","2.375240","0","13"
"/Game/InfinityBladeEffects/Effects/FX_Materials/Mobile/M_JaggedRockFireBase_MeshEmit.M_JaggedRockFireBase_MeshEmit","0","3","3","1","0.000000","0","4"
"/Game/InfinityBladeEffects/Effects/FX_Materials/Fire/M_JaggedRockFire_MeshEmit_Lit.M_JaggedRockFire_MeshEmit_Lit","0","50","1","1","36.802994","0","713"
"/Game/InfinityBladeEffects/Effects/FX_Materials/Mobile/M_CrackedGroundFire.M_CrackedGroundFire","0","6","1","1","1.990776","0","26"
"/Game/InfinityBladeEffects/Effects/FX_Materials/Mobile/M_Fire_Trans_subUV.M_Fire_Trans_subUV","0","9","1","1","8.564007","0","53"
"/Game/InfinityBladeEffects/Effects/FX_Materials/Mobile/M_Fire_Add_subUV.M_Fire_Add_subUV","0","9","1","1","0.000000","0","45"
"/Game/InfinityBladeEffects/Effects/FX_Materials/Mobile/M_Fire_Add_2side_subUV.M_Fire_Add_2side_subUV","0","15","1","1","0.000000","0","90"
"/Game/InfinityBladeEffects/Effects/FX_Materials/Mobile/M_Fire_Sprite_01_5x5_SubUV.M_Fire_Sprite_01_5x5_SubUV","0","9","1","1","0.000000","0","45"
"/Game/InfinityBladeEffects/Effects/FX_Materials/Mobile/M_Tornado_Fire_Trans_03.M_Tornado_Fire_Trans_03","0","25","1","1","15.154262","0","198"
"/Game/InfinityBladeEffects/Effects/FX_Materials/Mobile/M_Fire_Trans_DetailMask_2sided.M_Fire_Trans_DetailMask_2sided","0","20","1","1","12.703435","0","194"
"/Game/InfinityBladeEffects/Effects/FX_Materials/Mobile/M_Fire_Trans_Tile_Pan_mobile.M_Fire_Trans_Tile_Pan_mobile","0","20","1","1","12.688340","0","136"
"/Game/InfinityBladeEffects/Effects/FX_Materials/Mobile/M_Fire_Trans_Tile_2sided_MeshEmit.M_Fire_Trans_Tile_2sided_MeshEmit","0","20","1","1","2.843269","0","218"
"/Game/InfinityBladeEffects/Effects/FX_Materials/Mobile/M_Fire_Trans_Tile_2sided.M_Fire_Trans_Tile_2sided","0","20","1","1","22.346901","0","118"
"/Game/InfinityBladeEffects/Effects/FX_Materials/Mobile/M_Fire_Add_Tile_Grey_2Sided_meshEmit.M_Fire_Add_Tile_Grey_2Sided_meshEmit","0","20","1","1","12.550261","0","188"
"/Game/InfinityBladeEffects/Effects/FX_Materials/Mobile/M_Fire_Add_Tile_Grey_2sided.M_Fire_Add_Tile_Grey_2sided","0","20","1","1","13.178609","0","177"
"/Game/InfinityBladeEffects/Effects/FX_Materials/Mobile/M_Fire_Trans_TilePan_2sided_Blue.M_Fire_Trans_TilePan_2sided_Blue","0","15","1","1","5.633935","0","109"
"/Game/InfinityBladeEffects/Effects/FX_Materials/Mobile/M_Fire_Trans_TilePan_2sided_meshEmit_01.M_Fire_Trans_TilePan_2sided_meshEmit_01","0","20","1","1","0.000000","0","194"
"/Game/InfinityBladeEffects/Effects/FX_Materials/Mobile/M_Fire_Trans_TilePan_2sided_meshEmit.M_Fire_Trans_TilePan_2sided_meshEmit","0","15","1","1","0.000000","0","109"
"/Game/InfinityBladeEffects/Effects/FX_Materials/Mobile/M_Fire_Trans_TilePan_2sided.M_Fire_Trans_TilePan_2sided","0","20","1","1","0.000000","0","194"
"/Game/InfinityBladeEffects/Effects/FX_Materials/Mobile/M_Fire_Ribbon_Pan_Add.M_Fire_Ribbon_Pan_Add","0","12","1","1","8.674487","0","74"
"/Game/InfinityBladeEffects/Effects/FX_Materials/Mobile/M_Fire_Add_Tile_2Sided.M_Fire_Add_Tile_2Sided","0","20","1","1","12.434705","0","185"
"/Game/InfinityBladeEffects/Effects/FX_Materials/Mobile/M_Fire_Add_DetailMask_meshEmit.M_Fire_Add_DetailMask_meshEmit","0","20","1","1","0.000000","0","185"
"/Game/InfinityBladeEffects/Effects/FX_Materials/Fire/M_Fire_Trans_TilePan_2sided_meshEmit_02.M_Fire_Trans_TilePan_2sided_meshEmit_02","0","10","1","1","6.398241","0","64"
"/Game/InfinityBladeEffects/Effects/FX_Materials/Mobile/M_Fire_Add_subUV_2.M_Fire_Add_subUV_2","0","9","1","1","0.000000","0","45"
"/Game/InfinityBladeEffects/Effects/FX_Materials/Mobile/M_Tornado_Fire_Trans.M_Tornado_Fire_Trans","0","20","1","1","6.006108","0","170"
"/Game/InfinityBladeEffects/Effects/FX_Materials/Mobile/M_Tornado_Fire_Add.M_Tornado_Fire_Add","0","20","1","1","14.041354","0","164"
"/Game/InfinityBladeEffects/Effects/FX_Materials/Mobile/M_Skill_Vortex_Fire_01.M_Skill_Vortex_Fire_01","0","3","1","1","2.547341","0","8"
"/Game/InfinityBladeEffects/Effects/FX_Materials/Mobile/M_FireWall_Add.M_FireWall_Add","0","20","1","1","12.386743","0","174"
"/Game/InfinityBladeEffects/Effects/FX_Materials/Mobile/M_FireSword_Add_mobile.M_FireSword_Add_mobile","0","15","1","1","10.398365","0","86"
"/Game/InfinityBladeEffects/Effects/FX_Materials/Mobile/M_FireBlast_Add_VertexAnim_2sided.M_FireBlast_Add_VertexAnim_2sided","0","15","1","1","10.163035","0","120"
"/Game/InfinityBladeEffects/Effects/FX_Materials/Mobile/M_FireBlast_Add_FireBall_MeshEmit.M_FireBlast_Add_FireBall_MeshEmit","0","12","2","1","10.380783","0","87"
"/Game/InfinityBladeEffects/Effects/FX_Materials/Mobile/M_FireBlast_Add_FireBall.M_FireBlast_Add_FireBall","0","12","2","1","0.000000","0","87"
"/Game/InfinityBladeEffects/Effects/FX_Materials/Mobile/M_FireBlast_Add_2sided_meshEmit.M_FireBlast_Add_2sided_meshEmit","0","25","2","1","5.398212","0","273"
"/Game/InfinityBladeEffects/Effects/FX_Materials/Mobile/M_FireBlast_Add.M_FireBlast_Add","0","9","2","1","0.000000","0","51"
"/Game/InfinityBladeEffects/Effects/FX_Materials/Mobile/M_CandleFlame.M_CandleFlame","0","9","1","1","0.000000","0","53"
"/Game/InfinityBladeEffects/Effects/FX_Materials/Mobile/M_SpikeTrap_Fire.M_SpikeTrap_Fire","0","12","1","1","8.432369","0","75"
"/Game/InfinityBladeEffects/Effects/FX_Materials/Liquid/M_Water_fountain_01.M_Water_fountain_01","0","33","4","1","124.424454","0","316"
"/Game/InfinityBladeEffects/Effects/FX_Materials/Liquid/M_Water_Bucket_Cin04.M_Water_Bucket_Cin04","0","3","1","1","2.540478","0","8"
"/Game/InfinityBladeEffects/Effects/FX_Materials/M_GoldBag.M_GoldBag","0","26","1","1","20.555923","0","264"
"/Game/InfinityBladeEffects/Effects/FX_Materials/Mobile/M_LeafFlip_Masked.M_LeafFlip_Masked","0","17","1","1","11.940197","0","99"
"/Game/InfinityBladeEffects/Effects/FX_Materials/Mobile/M_CrackedGround_Fire_Unlit.M_CrackedGround_Fire_Unlit","0","8","1","1","26.530010","0","38"
"/Game/InfinityBladeEffects/Effects/FX_Materials/Mobile/M_CrackedGround_Fire_Lit.M_CrackedGround_Fire_Lit","0","59","2","1","49.049789","0","1171"
"/Game/InfinityBladeEffects/Effects/FX_Materials/Mobile/M_CrackedGround_Trans.M_CrackedGround_Trans","0","9","1","1","0.000000","0","45"
"/Game/InfinityBladeEffects/Effects/FX_Materials/Mobile/M_CrackedGroundPoison_Trans.M_CrackedGroundPoison_Trans","0","9","1","1","0.000000","0","45"
"/Game/InfinityBladeEffects/Effects/FX_Materials/Mobile/M_CrackedGroundIce_Trans.M_CrackedGroundIce_Trans","0","9","1","1","0.000000","0","45"
"/Game/InfinityBladeEffects/Effects/FX_Materials/Mobile/M_CrackedGroundFire_Trans.M_CrackedGroundFire_Trans","0","9","1","1","0.000000","0","45"
"/Game/InfinityBladeEffects/Effects/FX_Materials/Trails/M_Trail_Lightning_01.M_Trail_Lightning_01","0","10","1","1","6.625351","0","55"
"/Game/InfinityBladeEffects/Effects/FX_Materials/Mobile/M_BlobShadow_01.M_BlobShadow_01","0","3","1","1","0.000000","0","8"
"/Game/InfinityBladeEffects/Effects/FX_Mobile/ICE/M_Tornado_Ice_Trans.M_Tornado_Ice_Trans","0","25","3","1","15.803891","0","229"
"/Game/InfinityBladeEffects/Effects/FX/M_FogPlane03_add.M_FogPlane03_add","0","3","3","1","5.159009","0","5"
"/Game/InfinityBladeEffects/Effects/FX/M_FogPlane03.M_FogPlane03","0","3","1","1","3.104074","0","8"
"/Game/InfinityBladeEffects/Effects/FX/M_FogPlane02.M_FogPlane02","0","6","3","1","4.642521","0","21"
"/Game/InfinityBladeEffects/Effects/FX/M_FogPlane01.M_FogPlane01","0","3","3","1","2.618681","0","5"
"/Game/InfinityBladeEffects/Effects/FX/M_Embers.M_Embers","0","5","1","1","4.454280","0","19"
"/Game/InfinityBladeEffects/Effects/FX/M_BloomPlane.M_BloomPlane","0","3","1","1","2.457474","0","8"
"/Game/FXVarietyPack/Materials/M_ky_vortex04_4x4.M_ky_vortex04_4x4","0","32","3","2","26.068333","0","257"
"/Game/FXVarietyPack/Materials/M_ky_flare_flash.M_ky_flare_flash","0","24","2","2","17.914234","0","173"
"/Game/FXVarietyPack/Materials/M_ky_base.M_ky_base","0","24","2","2","17.883308","0","169"
"/Game/FXVarietyPack/Materials/M_ky_flare01_primitive.M_ky_flare01_primitive","0","30","3","2","36.782585","0","178"
"/Game/FXVarietyPack/Materials/M_ky_flarePillar.M_ky_flarePillar","0","20","1","1","13.799622","0","152"
"/Game/FXVarietyPack/Materials/M_ky_thunderForBeam.M_ky_thunderForBeam","0","12","1","1","9.066201","0","60"
"/Game/FXVarietyPack/Materials/M_ky_circle01_4x4G_nonD.M_ky_circle01_4x4G_nonD","0","12","1","1","9.579080","0","89"
"/Game/FXVarietyPack/Materials/M_ky_chantDecoA.M_ky_chantDecoA","0","20","1","1","12.632147","0","175"
"/Game/FXVarietyPack/Materials/M_ky_subUV_dynRGB.M_ky_subUV_dynRGB","0","12","1","1","9.070151","0","64"
"/Game/FXVarietyPack/Materials/M_ky_subUV03.M_ky_subUV03","0","12","1","1","9.002500","0","80"
"/Game/FXVarietyPack/Materials/M_ky_subUV01.M_ky_subUV01","0","20","1","1","12.440068","0","129"
"/Game/FXVarietyPack/Materials/M_ky_Fresnel.M_ky_Fresnel","0","20","1","1","13.035851","0","162"
"/Game/FXVarietyPack/Materials/M_ky_base_anime.M_ky_base_anime","0","24","2","2","19.846106","0","149"
"/Game/FXVarietyPack/EpicContent/Materials/M_Glass.M_Glass","0","27","3","1","54.340214","0","346"
"/Game/FXVarietyPack/EpicContent/Materials/M_DemoRoomTiles.M_DemoRoomTiles","0","26","1","1","23.965538","0","304"
"/Game/FXVarietyPack/EpicContent/Materials/M_DemoWallPattern.M_DemoWallPattern","0","23","1","1","54.460842","0","188"
"/Game/FourEvilDragonsPBR/Materials/DragonTheUsurper/RedMat.RedMat","0","26","1","1","21.646580","0","219"
"/Game/FourEvilDragonsPBR/Materials/DragonTheUsurper/BlackMat.BlackMat","0","26","1","1","0.000000","0","219"
"/Game/FourEvilDragonsPBR/Materials/DragonTheUsurper/BlueMat.BlueMat","0","35","1","1","7.582099","0","351"
"/Game/FourEvilDragonsPBR/Materials/DragonTheUsurper/AlbinoMat.AlbinoMat","0","26","1","1","0.000000","0","219"
"/Game/FourEvilDragonsPBR/Materials/DragonTheTerrorBringer/RedMat.RedMat","0","26","1","1","22.577686","0","224"
"/Game/FourEvilDragonsPBR/Materials/DragonTheTerrorBringer/GreenMat.GreenMat","0","26","1","1","0.000000","0","219"
"/Game/FourEvilDragonsPBR/Materials/DragonTheTerrorBringer/BlueMat.BlueMat","0","26","1","1","0.000000","0","219"
"/Game/FourEvilDragonsPBR/Materials/DragonTheTerrorBringer/AlbedoMat.AlbedoMat","0","26","1","1","21.961601","0","240"
"/Game/FourEvilDragonsPBR/Materials/DragonTheSoulEater/RedMat.RedMat","0","26","1","1","25.353951","0","286"
"/Game/FourEvilDragonsPBR/Materials/DragonTheSoulEater/PurpleMat.PurpleMat","0","26","1","1","0.000000","0","286"
"/Game/FourEvilDragonsPBR/Materials/DragonTheSoulEater/GreenMat.GreenMat","0","26","1","1","21.625677","0","245"
"/Game/FourEvilDragonsPBR/Materials/DragonTheSoulEater/BlueMat.BlueMat","0","26","1","1","0.000000","0","286"
"/Game/FourEvilDragonsPBR/Materials/DragonTheNightmare/RedMat.RedMat","0","26","1","1","21.950354","0","286"
"/Game/FourEvilDragonsPBR/Materials/DragonTheNightmare/GreenMat.GreenMat","0","26","1","1","21.141129","0","211"
"/Game/FourEvilDragonsPBR/Materials/DragonTheNightmare/DarkBlueMat.DarkBlueMat","0","26","1","1","0.000000","0","286"
"/Game/FourEvilDragonsPBR/Materials/DragonTheNightmare/AlbinoMat.AlbinoMat","0","26","2","1","21.970577","0","285"
"/Game/FantasyBundle/Materials/M_Wood01.M_Wood01","0","23","1","1","19.219097","0","190"
"/Game/FantasyBundle/Materials/M_WallPaintings06.M_WallPaintings06","0","21","1","1","19.572481","0","195"
"/Game/FantasyBundle/Materials/M_WallPaintings05.M_WallPaintings05","0","21","1","1","18.897747","0","213"
"/Game/FantasyBundle/Materials/M_WallPaintings04.M_WallPaintings04","0","21","1","1","19.078432","0","185"
"/Game/FantasyBundle/Materials/M_WallPaintings03.M_WallPaintings03","0","21","1","1","19.015661","0","191"
"/Game/FantasyBundle/Materials/M_WallPaintings02.M_WallPaintings02","0","21","1","1","18.721128","0","174"
"/Game/FantasyBundle/Materials/M_WallPaintings01.M_WallPaintings01","0","21","1","1","19.382053","0","185"
"/Game/FantasyBundle/Materials/M_ShowroomFloor.M_ShowroomFloor","0","23","1","1","20.408611","0","228"
"/Game/FantasyBundle/Materials/M_Sarcophagus_Master.M_Sarcophagus_Master","0","23","1","1","36.426411","0","231"
"/Game/FantasyBundle/Materials/M_RiverWater01.M_RiverWater01","0","33","1","1","132.655014","0","328"
"/Game/FantasyBundle/Materials/M_Puddle01.M_Puddle01","0","21","1","1","19.959078","0","170"
"/Game/FantasyBundle/Materials/M_Pillar01_Master.M_Pillar01_Master","0","23","1","1","20.945751","0","227"
"/Game/FantasyBundle/Materials/M_Landscape.M_Landscape","0","90","10","2","148.397171","0","939"
"/Game/FantasyBundle/Materials/M_LeakingDecal01.M_LeakingDecal01","0","23","1","1","20.714142","0","189"
"/Game/FantasyBundle/Materials/M_Landscape4033.M_Landscape4033","0","23","2","1","130.749664","67","1055"
"/Game/FantasyBundle/Materials/M_HouseWallDisplace.M_HouseWallDisplace","0","23","1","1","34.764889","0","235"
"/Game/FantasyBundle/Materials/M_HouseWallBase.M_HouseWallBase","0","49","4","2","43.023083","0","410"
"/Game/FantasyBundle/Materials/M_HouseWallColor.M_HouseWallColor","0","23","1","1","19.592651","0","217"
"/Game/FantasyBundle/Materials/M_GroundDirt01_Decal.M_GroundDirt01_Decal","0","21","1","1","19.476032","0","149"
"/Game/FantasyBundle/Materials/M_Dust_Particle.M_Dust_Particle","0","81","1","1","86.478119","0","1474"
"/Game/FantasyBundle/Materials/M_Grass.M_Grass","0","84","1","1","68.521461","0","1798"
"/Game/FantasyBundle/Materials/M_Grass01.M_Grass01","0","84","1","1","75.092178","0","1788"
"/Game/FantasyBundle/Materials/M_Fabric.M_Fabric","0","42","1","1","41.078392","0","578"
"/Game/FantasyBundle/Materials/M_CastleGate.M_CastleGate","0","23","1","1","21.733936","0","256"
"/Game/FantasyBundle/Materials/M_CastleStairs01.M_CastleStairs01","0","49","2","2","22.789953","0","479"
"/Game/FantasyBundle/Materials/M_Bricks.M_Bricks","0","23","1","1","0.000000","0","227"
"/Game/FantasyBundle/Materials/M_Caustics.M_Caustics","0","36","1","1","43.322292","0","475"
"/Game/EasyComboBuffering/DemoAssets/Demo_Assets/DemoRoom/Materials/M_CycleWeapon.M_CycleWeapon","0","21","1","1","19.152468","0","183"
"/Game/EasyComboBuffering/DemoAssets/Demo_Assets/DemoRoom/Materials/M_WeaponStateE.M_WeaponStateE","0","21","1","1","0.000000","0","183"
"/Game/EasyComboBuffering/DemoAssets/Demo_Assets/DemoRoom/Materials/M_WeaponStateD.M_WeaponStateD","0","21","1","1","0.000000","0","203"
"/Game/EasyComboBuffering/DemoAssets/Demo_Assets/DemoRoom/Materials/M_WeaponAnimBP.M_WeaponAnimBP","0","21","1","1","0.000000","0","203"
"/Game/EasyComboBuffering/DemoAssets/Demo_Assets/DemoRoom/Materials/M_WeaponActions.M_WeaponActions","0","21","1","1","0.000000","0","203"
"/Game/EasyComboBuffering/DemoAssets/Demo_Assets/DemoRoom/Materials/M_Weapon.M_Weapon","0","21","1","1","0.000000","0","221"
"/Game/EasyComboBuffering/DemoAssets/Demo_Assets/DemoRoom/Materials/M_DemoRoomTiles.M_DemoRoomTiles","0","35","1","1","29.330105","0","431"
"/Game/EasyComboBuffering/DemoAssets/Demo_Assets/DemoRoom/Materials/M_GameMode.M_GameMode","0","21","1","1","0.000000","0","221"
"/Game/EasyComboBuffering/DemoAssets/Demo_Assets/DemoRoom/Materials/M_Component.M_Component","0","21","1","1","0.000000","0","221"
"/Game/EasyComboBuffering/DemoAssets/Demo_Assets/DemoRoom/Materials/M_ComboTypes.M_ComboTypes","0","21","1","1","0.000000","0","221"
"/Game/EasyComboBuffering/DemoAssets/Demo_Assets/DemoRoom/Materials/M_ComboNotifys.M_ComboNotifys","0","21","1","1","0.000000","0","221"
"/Game/EasyComboBuffering/DemoAssets/Demo_Assets/DemoRoom/Materials/M_Combolast.M_Combolast","0","21","1","1","0.000000","0","221"
"/Game/EasyComboBuffering/DemoAssets/Demo_Assets/DemoRoom/Materials/M_ComboInputs.M_ComboInputs","0","21","1","1","0.000000","0","221"
"/Game/EasyComboBuffering/DemoAssets/Demo_Assets/DemoRoom/Materials/M_ComboD.M_ComboD","0","21","1","1","0.000000","0","221"
"/Game/EasyComboBuffering/DemoAssets/Demo_Assets/DemoRoom/Materials/M_Combochained.M_Combochained","0","21","1","1","0.000000","0","221"
"/Game/EasyComboBuffering/DemoAssets/Demo_Assets/DemoRoom/Materials/M_Combo.M_Combo","0","21","1","1","0.000000","0","221"
"/Game/Realistic_Starter_VFX_Pack_Vol2/Materials/M_Leaves_A.M_Leaves_A","0","79","1","1","62.552719","0","1438"
"/Game/Realistic_Starter_VFX_Pack_Vol2/Materials/M_Fire_Splat.M_Fire_Splat","0","9","1","1","7.175388","0","39"
"/Game/Realistic_Starter_VFX_Pack_Vol2/Materials/M_Dirt_A.M_Dirt_A","0","54","1","1","50.268585","0","730"
"/Game/Realistic_Starter_VFX_Pack_Vol2/Materials/M_Distortion.M_Distortion","0","60","1","1","53.983746","0","867"
"/Game/InfinityBladeEffects/Effects/Masters/M_Trans_Sprite_SubUV_Master_Surface.M_Trans_Sprite_SubUV_Master_Surface","0","54","1","1","57.093929","0","1085"
"/Game/InfinityBladeEffects/Effects/Masters/M_Trans_Sprite_Master_Surface.M_Trans_Sprite_Master_Surface","0","88","1","1","352.847626","0","1895"
"/Game/InfinityBladeEffects/Effects/Masters/M_Opaque_MeshEmit_Emis_Master_Surface2.M_Opaque_MeshEmit_Emis_Master_Surface2","0","26","1","1","22.048212","0","333"
"/Game/InfinityBladeEffects/Effects/Masters/M_Opaque_MeshEmit_Emis_Master_Surface.M_Opaque_MeshEmit_Emis_Master_Surface","0","26","1","1","0.000000","0","333"
"/Game/InfinityBladeEffects/Effects/FX_Materials/Mobile/M_Tornado_Ice_Trans_UT.M_Tornado_Ice_Trans_UT","0","15","1","1","10.556170","0","111"
"/Game/InfinityBladeEffects/Effects/FX_Materials/Mobile/M_Tornado.M_Tornado","0","25","1","1","21.307076","0","245"
"/Game/InfinityBladeEffects/Effects/FX_Materials/Mobile/M_HeartHeal_02_Trans.M_HeartHeal_02_Trans","0","9","1","1","7.666264","0","47"
"/Game/FXVarietyPack/Materials/M_ky_auraWall02.M_ky_auraWall02","0","32","3","2","23.074749","0","169"
"/Game/FantasyBundle/Materials/M_RockDetailed.M_RockDetailed","0","23","1","1","29.631897","0","210"
"/Game/FantasyBundle/Materials/M_CastleLandscape.M_CastleLandscape","0","23","1","1","21.933878","0","242"
"/Game/FXVarietyPack/Materials/M_ky_stone02.M_ky_stone02","0","47","1","1","43.490513","0","886"
"/Game/FXVarietyPack/Materials/M_ky_dust01_4x4.M_ky_dust01_4x4","0","9","1","1","8.742824","0","51"
"/Game/FXVarietyPack/Materials/M_ky_polar.M_ky_polar","0","52","3","3","39.674145","0","370"
"/Game/FXVarietyPack/Materials/M_ky_stormDeco01.M_ky_stormDeco01","0","25","3","1","26.705673","0","255"
"/Engine/BasicShapes/BasicShapeMaterial.BasicShapeMaterial","0","0","67","1","0.000000","0","0"
"/Engine/VREditor/TransformGizmo/TransformGizmoMaterial.TransformGizmoMaterial","0","0","4","1","0.000000","0","0"
"/ControlRig/M_Manip.M_Manip","0","0","9","1","0.000000","0","0"
"/Engine/EngineMaterials/FlattenMaterial.FlattenMaterial","0","0","35","1","0.000000","0","0"
"/Engine/EngineMaterials/M_InvalidLightmapSettings.M_InvalidLightmapSettings","0","0","28","1","0.000000","0","0"
"/Engine/EngineMaterials/EmissiveMeshMaterial.EmissiveMeshMaterial","0","0","5","1","0.000000","0","0"
"/Paper2D/DefaultSpriteMaterial.DefaultSpriteMaterial","0","0","50","2","0.000000","0","0"
"/Engine/EngineMaterials/PhAT_JointLimitMaterial.PhAT_JointLimitMaterial","0","0","9","1","0.000000","0","0"
"/Engine/EngineDebugMaterials/M_VolumeRenderSphereTracePP.M_VolumeRenderSphereTracePP","0","0","4","1","0.000000","0","0"
"/Engine/EngineMaterials/FlattenMaterial_WS_Normal_VT.FlattenMaterial_WS_Normal_VT","0","0","35","1","0.000000","0","0"
"/Engine/EngineMaterials/FlattenMaterial_VT.FlattenMaterial_VT","0","0","35","1","0.000000","0","0"
"/Engine/EngineMaterials/Widget3DPassThrough.Widget3DPassThrough","0","0","58","6","0.000000","0","3"
"/Engine/EngineMaterials/DefaultPostProcessMaterial.DefaultPostProcessMaterial","0","0","6","1","0.000000","0","0"
"/Engine/EngineMaterials/DefaultDeferredDecalMaterial.DefaultDeferredDecalMaterial","0","0","87","1","0.000000","0","0"
"/Engine/EngineMaterials/EmissiveTexturedMaterial.EmissiveTexturedMaterial","0","0","6","1","0.000000","0","0"
"/Engine/EngineMaterials/DefaultMaterial.DefaultMaterial","0","0","127","1","0.000000","0","0"
"/Engine/EngineMaterials/WorldGridMaterial.WorldGridMaterial","0","0","677","1","0.000000","0","0"
"/Engine/EngineMaterials/DefaultTextMaterialOpaque.DefaultTextMaterialOpaque","0","0","31","1","0.000000","0","0"
"/Engine/EngineMaterials/PPM_DefaultCalibrationGrayscale.PPM_DefaultCalibrationGrayscale","0","0","4","1","0.000000","0","0"
"/Engine/EngineMaterials/PPM_DefaultCalibrationColor.PPM_DefaultCalibrationColor","0","0","4","1","0.000000","0","0"
"/Engine/EditorMaterials/PreviewShadowIndicatorMaterial.PreviewShadowIndicatorMaterial","0","0","36","1","0.000000","0","0"
"/Engine/EngineSky/M_Sky_Panning_Clouds2.M_Sky_Panning_Clouds2","0","0","4","1","0.000000","0","0"
"/Engine/VREditor/SnapGrid/SnapGridMaterial.SnapGridMaterial","0","0","10","1","0.000000","0","0"
"/Engine/EngineSky/VolumetricClouds/m_SimpleVolumetricCloud.m_SimpleVolumetricCloud","0","0","68","1","0.000000","0","0"
"/Engine/Functions/Engine_MaterialFunctions02/ExampleContent/3dParticleOpacity_Mat.3dParticleOpacity_Mat","0","0","27","1","0.000000","0","0"
"/Game/FXVarietyPack/Materials/M_ky_starDust.M_ky_starDust","0","96","11","3","105.161453","0","896"
"/Game/FXVarietyPack/Materials/M_ky_storm01.M_ky_storm01","0","80","5","4","83.022522","0","547"
"/Game/FXVarietyPack/Materials/M_ky_laser01.M_ky_laser01","0","15","1","1","11.550685","0","87"
"/Game/FXVarietyPack/Materials/M_ky_aura9.M_ky_aura9","0","40","8","2","34.660149","0","243"
"/Game/FXVarietyPack/Materials/M_ky_shockWave03_4x4.M_ky_shockWave03_4x4","0","40","6","2","34.385796","0","288"
"/Game/EasyComboBuffering/DemoAssets/Demo_Assets/DemoRoom/Materials/M_DemoWallPattern.M_DemoWallPattern","0","46","2","2","93.972305","0","271"
"/Game/FXVarietyPack/Materials/M_ky_smoke01.M_ky_smoke01","0","18","2","2","14.535475","0","99"
"/Game/FXVarietyPack/Materials/M_ky_primitive_dyn2.M_ky_primitive_dyn2","0","40","3","2","32.635075","0","367"
"/Game/FantasyBundle/Materials/M_WallLeaves.M_WallLeaves","0","84","1","1","81.623619","0","2067"
"/Game/FantasyBundle/Materials/M_GrassAnimated02.M_GrassAnimated02","0","84","1","1","100.860123","0","2075"
"/Game/FantasyBundle/Materials/M_FabricAnimated.M_FabricAnimated","0","82","1","1","136.008408","0","1432"
"/Game/FantasyBundle/Materials/M_MasterBlend.M_MasterBlend","0","23","1","1","54.086483","0","136"
"/Game/FantasyBundle/Materials/M_CastleMasterBlend.M_CastleMasterBlend","0","23","1","1","0.000000","0","136"
"/Game/EasyComboBuffering/DemoAssets/ThirdPersonBP/Mannequin/Character/Materials/M_Male_Body.M_Male_Body","0","108","2","2","114.211349","0","1197"
"/Interchange/gltf/M_Unlit.M_Unlit","0","0","66","6","0.000000","0","0"
"/SpeedTreeImporter/SpeedTree9/SpeedTreeBillboardMaster.SpeedTreeBillboardMaster","0","0","62","1","0.000000","0","0"
"/SpeedTreeImporter/SpeedTree9/SpeedTreeMaster.SpeedTreeMaster","0","0","88","1","0.000000","0","0"
"/Game/Realistic_Starter_VFX_Pack_Vol2/Materials/M_Snow.M_Snow","0","9","1","1","6.742168","0","40"
"/Game/Realistic_Starter_VFX_Pack_Vol2/Materials/M_Glow_B.M_Glow_B","0","9","1","1","6.810901","0","46"
"/Game/Realistic_Starter_VFX_Pack_Vol2/Materials/M_Glow_A.M_Glow_A","0","9","1","1","6.919498","0","42"
"/Game/InfinityBladeEffects/Maps/LevelContent/Architecture/M_CycWall_01.M_CycWall_01","0","23","1","1","20.011559","0","173"
"/Game/InfinityBladeEffects/Maps/LevelContent/Architecture/M_CycRoom_01.M_CycRoom_01","0","23","1","1","19.311863","0","165"
"/Game/FXVarietyPack/Materials/M_ky_waterDust02.M_ky_waterDust02","0","9","1","1","7.151079","0","53"
"/Game/FXVarietyPack/Materials/M_ky_trail_primitive.M_ky_trail_primitive","0","15","1","1","11.186964","0","123"
"/Game/FXVarietyPack/Materials/M_ky_primitive.M_ky_primitive","0","40","3","1","28.128317","0","636"
"/Game/FXVarietyPack/Materials/M_ky_polar_primitive.M_ky_polar_primitive","0","12","1","1","10.231987","0","72"
"/Game/FXVarietyPack/Materials/M_ky_magicCircle020.M_ky_magicCircle020","0","9","1","1","7.989116","0","46"
"/Game/FXVarietyPack/Materials/M_ky_flareVert.M_ky_flareVert","0","9","1","1","6.571085","0","47"
"/Game/FXVarietyPack/Materials/M_ky_dynDust.M_ky_dynDust","0","15","1","1","12.873321","0","100"
"/Game/FXVarietyPack/Materials/M_ky_base_turbulence.M_ky_base_turbulence","0","15","1","1","12.493085","0","118"
"/Game/Realistic_Starter_VFX_Pack_Vol2/Materials/M_Fish_A.M_Fish_A","0","104","2","1","84.585014","0","2091"
"/Interchange/gltf/M_SpecularGlossiness.M_SpecularGlossiness","0","0","140","6","0.000000","0","0"
"/Interchange/gltf/M_Transmission.M_Transmission","0","0","50","2","0.000000","0","0"
"/Interchange/gltf/M_Sheen.M_Sheen","0","0","140","6","0.000000","0","0"
"/Interchange/gltf/M_ClearCoat.M_ClearCoat","0","0","140","6","0.000000","0","0"
"/Interchange/gltf/M_Default.M_Default","0","0","140","6","0.000000","0","0"
